{
  "in_position": false,
  "tranche_count": 0,
  "avg_entry": 0.0,
  "total_qty": 0.0,
  "total_cost": 0.0,
  "highest_price": 0.0,
  "last_signal": "WATCH: RSI 52.8 > T1 threshold 36 (BEAR)",
  "last_action": "none",
  "last_run": "2026-05-23T05:01:44.8428029Z",
  "entry_time": "",
  "partial_taken": false,
  "btc_price": 75455.35,
  "rsi": 52.8,
  "sma200": 78500.12,
  "dip_pct": 3.39,
  "fng_value": 28,
  "news_score": -1,
  "partial_target": 0,
  "trail_stop": 0,
  "hard_stop": 0,
  "aggressiveness_factor": 0.1,
  "cycle_reward": -0.00403,
  "reward_rolling_avg": -0.005649,
  "mode": "BEAR",
  "fng_label": "Fear",
  "reward_history": [
    -0.019977,
    -0.017895,
    -0.017815,
    -0.017943,
    -0.016373,
    -0.014304,
    -0.006067,
    -0.015865,
    0.000373,
    0.0,
    0.0,
    0.0,
    0.0,
    0.0,
    0.003329,
    0.0,
    0.0,
    0.0,
    0.0,
    -0.005836,
    0.0,
    -0.003169,
    0.0,
    -0.00403
  ],
  "rl_confidence": 1.0,
  "rl_action": "SELL_ALL",
  "rl_override": true
}
