{
  "in_position": false,
  "tranche_count": 0,
  "avg_entry": 0.0,
  "total_qty": 0.0,
  "total_cost": 0.0,
  "highest_price": 0.0,
  "last_signal": "WATCH: dip 2.5% < 4% (BEAR)",
  "last_action": "none",
  "last_run": "2026-05-22T19:01:47.8922444Z",
  "entry_time": "",
  "partial_taken": false,
  "btc_price": 76476.52,
  "rsi": 29.9,
  "sma200": 78494.62,
  "dip_pct": 2.5,
  "fng_value": 28,
  "news_score": 3,
  "partial_target": 0,
  "trail_stop": 0,
  "hard_stop": 0,
  "aggressiveness_factor": 0.25,
  "cycle_reward": 0.0,
  "reward_rolling_avg": -0.010732,
  "mode": "BEAR",
  "fng_label": "Fear",
  "reward_history": [
    -0.010927,
    -0.010927,
    -0.01158,
    -0.015493,
    -0.0103,
    -0.010216,
    -0.008424,
    -0.010636,
    -0.010838,
    -0.016307,
    -0.016044,
    -0.019977,
    -0.017895,
    -0.017815,
    -0.017943,
    -0.016373,
    -0.014304,
    -0.006067,
    -0.015865,
    0.000373,
    0.0,
    0.0,
    0.0,
    0.0
  ],
  "rl_confidence": 0.0,
  "rl_action": "NONE",
  "rl_override": false
}
