{
  "in_position": false,
  "tranche_count": 0,
  "avg_entry": 0.0,
  "total_qty": 0.0,
  "total_cost": 0.0,
  "highest_price": 0.0,
  "last_signal": "WATCH: RSI 40.5 > T1 threshold 36 (BEAR)",
  "last_action": "none",
  "last_run": "2026-05-23T01:01:44.0413213Z",
  "entry_time": "",
  "partial_taken": false,
  "btc_price": 75343.46,
  "rsi": 40.5,
  "sma200": 78490.96,
  "dip_pct": 3.53,
  "fng_value": 28,
  "news_score": -1,
  "partial_target": 0,
  "trail_stop": 0,
  "hard_stop": 0,
  "aggressiveness_factor": 0.1,
  "cycle_reward": -0.005836,
  "reward_rolling_avg": -0.007592,
  "mode": "BEAR",
  "fng_label": "Fear",
  "reward_history": [
    -0.010636,
    -0.010838,
    -0.016307,
    -0.016044,
    -0.019977,
    -0.017895,
    -0.017815,
    -0.017943,
    -0.016373,
    -0.014304,
    -0.006067,
    -0.015865,
    0.000373,
    0.0,
    0.0,
    0.0,
    0.0,
    0.0,
    0.003329,
    0.0,
    0.0,
    0.0,
    0.0,
    -0.005836
  ],
  "rl_confidence": 1.0,
  "rl_action": "SELL_ALL",
  "rl_override": true
}
